item,qty,spec,supplier,unit_cost_usd,make_buy,notes
1 Bench frame,1,"Bolted softwood: 4 legs 70 x 70 mm, aprons 45 x 120 mm, 4 cross rails and 2 low rails 45 x 70 mm, 2 hardwood packers 5.3 mm under the tile; M8 carriage bolts and wood screws",Local timber yard and hardware shop,43.50,make,"Indicative: about 10.5 m of sawn softwood priced by section in GBN-CAL-001 (K2), plus 10 % waste and $9 of bolts and screws; aprons deepened from 45 x 95 mm under GBN-DDR-002"
2 Levelling feet,4,"M10 levelling foot, 50 mm steel pad with 3 mm rubber base, with M10 T-nut in the leg; ±15 mm adjustment",Hardware or industrial supplier,2.50,buy,Indicative bulk price; rubber pads adopted under GBN-DDR-002
3 Lower shelf,1,"12 mm plywood, 1,020 x 535 mm, resting on the two low rails",Local timber yard,12.00,make,Indicative price; carries the ballast (line 14)
4 Plywood grid worktop,1,"18 mm birch plywood, 1,200 x 600 mm; 1,008 holes on the 25 mm grid (756 at 6.6 mm, 122 at 8.5 mm for screw-in inserts, 130 at 8.0 mm for tee nuts); 300 x 300 mm through pocket for the tile; edges rounded 1 mm",Timber yard; holes by shared CNC router or printed drilling template,45.00,make,Indicative price (half sheet plus router bit wear)
5 M6 threaded inserts,1,"Set of 252 on the 50 mm sub-grid: 130 flanged M6 tee nuts (19 mm flange, 9.5 mm barrel, 8.0 mm hole) pressed in from the underside, and 122 screw-in M6 inserts for wood (10 mm OD, 13 mm long) where a frame member lies below",Fastener supplier,27.80,buy,"Indicative bulk prices: tee nuts $0.12, screw-in inserts $0.10 (GBN-CAL-001 K2b); tee nuts adopted under GBN-DDR-002"
6 Precision grid tile plate,1,"Cast aluminum tooling plate 300 x 300 x 12.7 mm, bought as offcut; machined to 144 M6 tapped holes, 9 dowel bores 8 mm H7 at 100 mm pitch, 4 counterbored 7 mm fixing holes",Metal stockist or offcut dealer,28.00,make,"Indicative offcut price, unverified (adopted cost option b); cut-to-size plate is about $38"
7 Round dowel pins,6,"8 mm h6 hardened steel dowel pin, 20 mm long",Industrial supplier,0.60,buy,Indicative price; one per precision fixture plus spares
8 Printed toe clamps,4,"PETG toe clamp 70 x 24 x 30 mm body with 6.6 mm slot and 40 mm heel, printed on its side; about 50 g each",Printed in house,1.50,make,Indicative filament cost; rated screw torque 1.6 N m (GBN-CAL-001)
9 Printed fence stops and V-block,1,"Set: fence in two 190 mm segments, each on two grid holes; 6 stop pins for 6.6 mm holes; 90 degree V-block 100 x 60 x 60 mm; PETG about 500 g",Printed in house,10.00,make,Indicative filament cost; every part fits a 200 x 200 mm bed
10 Instrument post and arm,1,20 x 40 mm aluminum extrusion 350 mm on a printed grid foot; 18 mm arm with printed clamps,Extrusion and hardware supplier,12.00,buy,Indicative price
11 Dial indicator,1,"0.01 mm resolution, 0 to 10 mm travel, 8 mm stem, lug back",Tool supplier,15.00,user-supplied,"Indicative price; user-supplied under adopted cost option a, so excluded from the core parts total"
12 M6 fastener kit,1,"M6 cap screws 16 to 40 mm (20), washers, 4 printed knobs, 5 mm hex key",Fastener supplier,12.00,buy,Indicative price; no exploded-view callout
13 Diamond locating pins,4,"8 mm h6 relieved (diamond) locating pin, 20 mm long; pairs with a round pin so a fixture cannot bind on pitch error",Industrial supplier,2.50,buy,Indicative price; added at TRL 3 (GBN-CAL-001 section F)
14 Ballast slabs,2,"Concrete paving slab 400 x 400 x 35 mm, about 13 kg each, laid on the shelf",Builders' merchant,4.00,buy,Indicative price; adopted stability fix (GBN-CAL-001 section C)
15 Wall anchor brackets,1,"Pair of steel angle brackets 50 x 50 x 40 mm with screws and wall plugs, rear apron to wall",Hardware shop,5.00,optional,Indicative price; optional under the adopted stability fix; excluded from the core parts total
16 Tile machining tools,1,"Two M6 spiral-point taps, 5.0 mm and 7.8 mm drills, 8 mm H7 reamer, tapping guide",Tool supplier,18.00,buy,Indicative price; consumed or reusable tooling for line 6
